id_ciudad,id,nombre_ciudad,coordenadas
1,1,Madrid,"40.416775,-3.703790"
2,1,Barcelona,"41.385064,2.173404"
3,1,Valencia,"39.469907,-0.376288"
4,2,París,"48.856614,2.352222"
5,2,Lyon,"45.764043,4.835659"
6,3,Roma,"41.902784,12.496366"